country,date,spend,sales,orders,clicks,impressions,acos,ctr,cvr
加拿大,2026-01-13,1223.98,13118.95,96,2904,442542,9.329862527107734,0.6562089022058923,3.3057851239669422
加拿大,2026-01-14,1202.38,8926.53,76,2921,423229,13.469735720375105,0.690170097039664,2.601848681958234
加拿大,2026-01-15,1540.65,13729.35,133,3670,530242,11.221580045668587,0.6921367979149143,3.6239782016348774
加拿大,2026-01-16,1608.56,12637.45,135,3826,562830,12.728517224598315,0.6797789741129648,3.5284892838473603
加拿大,2026-01-17,2495.82,15081.39,181,5991,804741,16.549005098336426,0.74446312540308,3.0211984643632115
加拿大,2026-01-18,2778.59,14390.17,207,6802,937533,19.308944925598517,0.7255211283229497,3.043222581593649
加拿大,2026-01-19,2507.18,20552.04,207,6048,857744,12.199178281085478,0.7051054860191386,3.422619047619048
加拿大,2026-01-20,2362.13,20371.46,203,5655,800245,11.595290666451987,0.7066585858080963,3.5897435897435894
加拿大,2026-01-21,2093.34,16492.35,165,4903,717484,12.692793931731986,0.6833601864292443,3.365286559249439
加拿大,2026-01-22,2148.83,17827.1,177,5069,730052,12.053727190625509,0.6943341022283344,3.4918129808640757
加拿大,2026-01-23,1780.8,12722.4,124,4154,592961,13.997358988870023,0.7005519755936731,2.9850746268656714
加拿大,2026-01-24,2217.62,14424.64,156,5247,701129,15.37383255318677,0.7483644236652599,2.9731275014293885
加拿大,2026-01-25,2498.38,16071.22,189,5982,816768,15.545677303901012,0.7323989186647861,3.159478435305918
加拿大,2026-01-26,2111.18,19068.84,174,4901,685910,11.071360397381277,0.7145252292574827,3.5502958579881656
加拿大,2026-01-27,1894.73,19119.57,164,4038,550078,9.909898601276074,0.7340777126153019,4.061416542842991
加拿大,2026-01-28,1597.22,13044.38,128,3402,467317,12.244506829761171,0.7279855002064979,3.76249265138154
加拿大,2026-01-29,1522.8700000000001,10131.66,124,3271,440602,15.030804428889248,0.7423933618095242,3.7908896361968814
加拿大,2026-01-30,1517.05,10436.14,118,3246,432398,14.536504876324004,0.7506972742704638,3.6352433764633396
加拿大,2026-01-31,1910.68,12839.76,146,4114,527345,14.88096350710605,0.780134447088718,3.5488575595527467
加拿大,2026-02-01,2028.28,13339.14,141,4380,570603,15.205478014324761,0.7676090031072392,3.219178082191781
加拿大,2026-02-02,1645.7,11882.31,129,3537,473508,13.85000054703168,0.7469778757697864,3.64715860899067
加拿大,2026-02-03,1501.34,12474.32,120,3210,453717,12.035445619480662,0.7074894703085843,3.7383177570093453
加拿大,2026-02-04,1904.75,11806.03,115,4110,586532,16.133704556061605,0.7007290309821118,2.798053527980535
加拿大,2026-02-05,2040.08,13834.210000000001,133,4451,701733,14.7466317194838,0.6342868298911409,2.9880925634688835
加拿大,2026-02-06,2059.4,12863.92,133,4537,659091,16.009116972120474,0.6883723188451975,2.931452501653075
加拿大,2026-02-07,1825.27,15223.460000000001,138,4446,607560,11.989849876440703,0.7317795773256962,3.1039136302294197
加拿大,2026-02-08,1989.53,14847.97,121,4816,613607,13.399340111813265,0.7848671869779843,2.5124584717607976
加拿大,2026-02-09,2312.66,19170.34,141,5199,724875,12.063740131891244,0.71722710812209,2.7120600115406805
加拿大,2026-02-10,2168.06,17911.29,127,4823,686268,12.104432455730436,0.7027866664335216,2.6332158407630106
加拿大,2026-02-11,1882.53,12796.76,106,4237,579428,14.710989344177744,0.7312383937262266,2.501770120368185
加拿大,2026-02-12,1802.34,12576.47,101,4046,520281,14.331048378440055,0.7776566893659388,2.4962926347009393
加拿大,2026-02-13,1805.79,12975.83,115,4161,506968,13.916566416175305,0.8207618626816684,2.763758711848113
加拿大,2026-02-14,1513.52,8100.56,76,3781,451648,18.68414035572849,0.8371563695621368,2.0100502512562812
加拿大,2026-02-15,1864.65,17855.71,142,4596,509475,10.442877936525628,0.9021051081996172,3.0896431679721497
加拿大,2026-02-16,2478.09,17341.15,139,5680,694072,14.2902287333885,0.8183589022464528,2.447183098591549
加拿大,2026-02-17,2107.88,14233.91,98,4854,596123,14.80886137400054,0.8142614863040011,2.018953440461475
加拿大,2026-02-18,2101.1,15339.02,102,4856,600931,13.697746009849391,0.8080794633660104,2.1004942339373973
加拿大,2026-02-19,2162.46,22155.72,160,5102,635412,9.76027860976759,0.8029436019464536,3.1360250882007055
加拿大,2026-02-20,2112.13,16929.64,128,4964,624385,12.475929789410763,0.7950223019451139,2.5785656728444803
加拿大,2026-02-21,1942.23,13302.41,117,4886,557911,14.60058741235611,0.8757669233981764,2.394596807204257
加拿大,2026-02-22,2055.27,13802.43,129,5185,610552,14.890638822294337,0.8492315150879859,2.4879459980713596
加拿大,2026-02-23,2348.37,22042.03,162,5397,687172,10.654055003100895,0.7853928856239777,3.001667593107282
加拿大,2026-02-24,2536.96,17238.2,144,5349,702726,14.71708182988943,0.7611786101553095,2.69209197980931
加拿大,2026-02-25,2461.85,20587.68,162,5303,663091,11.957879663954364,0.799739402284151,3.0548745992834245
加拿大,2026-02-26,2401.72,25993.03,160,5297,652252,9.239861609054428,0.8121094300975696,3.0205776854823485
加拿大,2026-02-27,2198.35,14456.91,115,4636,616987,15.206223183239018,0.7513934653404367,2.4805867126833476
加拿大,2026-02-28,1602.69,12462.039999999999,112,3583,467097,12.860574994142212,0.7670783584565947,3.1258721741557354
加拿大,2026-03-01,1725.63,13368.5,114,3844,547391,12.908179676104275,0.7022402633583672,2.9656607700312176
加拿大,2026-03-02,1678.99,15784.24,107,3392,536606,10.637129187087881,0.6321211466140892,3.154481132075472
加拿大,2026-03-03,1681.3,13832.46,96,3391,530076,12.154743263309637,0.6397195873799228,2.831023296962548
加拿大,2026-03-04,1692.25,14248.54,117,3516,520675,11.876655432767146,0.6752772842944255,3.3276450511945397
加拿大,2026-03-05,1514.51,11794.73,102,3142,436689,12.840565235490766,0.7195051856126442,3.2463399108847866
加拿大,2026-03-06,1488.29,15527.74,116,3143,418294,9.584717415412674,0.7513853892238473,3.690741329939548
加拿大,2026-03-07,1552.63,11949.84,98,3482,441332,12.992893628701305,0.7889751932785296,2.8144744399770247
加拿大,2026-03-08,1562.21,13741.16,98,3494,457514,11.368836401002536,0.7636924771700976,2.8048082427017746
加拿大,2026-03-09,1429.55,14816.48,103,3069,456402,9.648378022310292,0.6724335125612947,3.3561420658194856
加拿大,2026-03-10,1414.48,12837.89,84,3021,402350,11.018009968927917,0.7508388219212129,2.780536246276067
加拿大,2026-03-11,1488.4,11166.49,85,3141,439574,13.329166103224917,0.7145554559641835,2.706144539955428
加拿大,2026-03-12,1407.62,10280.72,61,3006,425947,13.691842594682086,0.7057216038615133,2.0292747837658016
加拿大,2026-03-13,93.96,43.27,1,221,40360,217.14813958862948,0.5475718533201189,0.4524886877828055
墨西哥,2026-01-13,462.83,2596.97,18,2237,321737,17.821923241315844,0.6952883877204051,0.8046490835940991
墨西哥,2026-01-14,466.63,1299.83,10,2297,347751,35.899309909757434,0.6605300919335961,0.43535045711798
墨西哥,2026-01-15,902.56,5334.43,40,4306,627291,16.9195209235101,0.6864437717104183,0.9289363678588017
墨西哥,2026-01-16,624.41,2136.6800000000003,17,3011,445314,29.223374581125857,0.6761521083999156,0.564596479574892
墨西哥,2026-01-17,534.73,1160.58,9,2622,382994,46.07437660480105,0.6846060251596631,0.34324942791762014
墨西哥,2026-01-18,606.88,4166.46,30,2897,407638,14.565842465786302,0.7106795735431927,1.0355540214014498
墨西哥,2026-01-19,573.02,1733.26,18,2713,414044,33.06024485651316,0.6552443701635575,0.6634721710283819
墨西哥,2026-01-20,575.74,3262.47,24,2725,440386,17.647365339757915,0.6187753470818781,0.8807339449541285
墨西哥,2026-01-21,522.43,3048.7000000000003,19,2495,403654,17.13615639452881,0.6181036234002388,0.7615230460921844
墨西哥,2026-01-22,539.93,2945.58,23,2539,356293,18.330176060402366,0.7126157404158937,0.9058684521465145
墨西哥,2026-01-23,463.73,3476.4900000000002,19,2175,301018,13.33902873300369,0.7225481532665821,0.8735632183908045
墨西哥,2026-01-24,475.32,3425.23,19,2230,328731,13.877024316615232,0.6783662021531283,0.8520179372197308
墨西哥,2026-01-25,500.35,1941.88,17,2368,301445,25.766267740540094,0.7855496027467697,0.7179054054054055
墨西哥,2026-01-26,364.58,1538.9,11,1836,230810,23.690948079797256,0.7954594688271739,0.5991285403050108
墨西哥,2026-01-27,397.59,3681.51,21,1987,278883,10.799644711001735,0.71248516402936,1.0568696527428285
墨西哥,2026-01-28,373.0,2065.34,11,1767,261376,18.05998043905604,0.6760375857002938,0.622524052065648
墨西哥,2026-01-29,391.46,1288.18,9,1919,249399,30.388610287382196,0.7694497572163481,0.46899426784783743
墨西哥,2026-01-30,375.1,1702.67,16,1842,244401,22.030105657584855,0.7536794039304258,0.8686210640608035
墨西哥,2026-01-31,379.07,1593.34,13,1928,257705,23.790904640566357,0.7481422556799442,0.6742738589211619
墨西哥,2026-02-01,403.23,2529.85,14,2090,294509,15.938889657489575,0.7096557320828905,0.6698564593301436
墨西哥,2026-02-02,449.87,1913.56,19,2316,306871,23.5095842304396,0.7547145217371469,0.8203799654576858
墨西哥,2026-02-03,393.7,2206.6299999999997,18,1967,278935,17.841686191160278,0.7051822109093516,0.9150991357397051
墨西哥,2026-02-04,384.19,3459.4700000000003,16,1892,280337,11.105458350556589,0.674901992958475,0.8456659619450317
墨西哥,2026-02-05,349.34,2174.06,17,1873,280829,16.068553765765433,0.6669539114550136,0.9076348104644953
墨西哥,2026-02-06,358.31,2957.31,28,1892,292362,12.116078463197974,0.6471429255512002,1.4799154334038054
墨西哥,2026-02-07,259.28000000000003,1920.1,13,1299,196653,13.503463361283268,0.6605543775075895,1.0007698229407236
墨西哥,2026-02-08,148.3,1100.78,9,735,92976,13.472265121095953,0.7905265875064533,1.2244897959183674
墨西哥,2026-02-09,339.25,2144.89,18,1753,269408,15.816661926718853,0.6506859484499348,1.026811180832858
墨西哥,2026-02-10,301.47,3195.93,12,1563,266434,9.432935014221213,0.5866368406434614,0.7677543186180422
墨西哥,2026-02-11,281.77,2954.22,20,1443,260237,9.537881403551529,0.5544945568846859,1.386001386001386
墨西哥,2026-02-12,272.96,1840.17,16,1447,214397,14.833412130400994,0.6749161602074656,1.10573600552868
墨西哥,2026-02-13,299.24,2417.08,18,1567,244861,12.380227381799527,0.6399549131956498,1.148691767708998
墨西哥,2026-02-14,323.77,2172.68,18,1803,247704,14.901872341992378,0.7278848948745277,0.9983361064891847
墨西哥,2026-02-15,409.52,2971.71,21,2281,308121,13.780617893401443,0.7402935859613593,0.920648838228847
墨西哥,2026-02-16,429.56,3791.88,25,2321,352653,11.328417565956727,0.658154049448041,1.0771219302024988
墨西哥,2026-02-17,429.66,2018.11,14,2298,364327,21.290217084301652,0.630752044180091,0.6092254134029591
墨西哥,2026-02-18,409.38,5588.09,28,2184,355919,7.325937842804965,0.6136227624824749,1.282051282051282
墨西哥,2026-02-19,400.43,2327.64,14,2147,361999,17.20326167276727,0.5930955610374614,0.6520726595249186
墨西哥,2026-02-20,398.71,2314.01,19,2165,382166,17.23026261770692,0.5665077479419938,0.8775981524249422
墨西哥,2026-02-21,398.82,2795.9900000000002,20,2224,337297,14.263999513589104,0.6593595555252493,0.8992805755395683
墨西哥,2026-02-22,396.02,1245.64,10,2205,310213,31.792492212838376,0.7108019328654828,0.45351473922902497
墨西哥,2026-02-23,423.03,6851.38,22,2239,339873,6.174376548958019,0.6587754837836486,0.9825815096025011
墨西哥,2026-02-24,382.39,5176.08,30,2176,341825,7.387636976244572,0.6365830468807139,1.3786764705882353
墨西哥,2026-02-25,372.81,3175.54,17,2034,315102,11.740050511094175,0.6455052649618219,0.8357915437561455
墨西哥,2026-02-26,348.01,3385.28,18,1832,293582,10.280094999527364,0.6240164587747206,0.9825327510917031
墨西哥,2026-02-27,359.17,2584.6800000000003,22,1887,272742,13.896110930560068,0.6918626394174714,1.1658717541070482
墨西哥,2026-02-28,422.53000000000003,2349.56,14,2240,315745,17.983367098520574,0.7094332451820298,0.625
墨西哥,2026-03-01,505.67,4783.6,23,2573,373887,10.570908938874487,0.6881758392241506,0.8938981733385153
墨西哥,2026-03-02,499.99,3687.7,30,2493,412355,13.558315481194242,0.6045761540420269,1.203369434416366
墨西哥,2026-03-03,466.44,2949.1,22,2402,393348,15.8163507510766,0.6106551959079493,0.9159034138218152
墨西哥,2026-03-04,523.76,3970.85,23,2704,456068,13.190123021519323,0.5928940421165265,0.8505917159763313
墨西哥,2026-03-05,570.68,3825.75,15,2756,423007,14.916813696660784,0.6515258612741633,0.5442670537010159
墨西哥,2026-03-06,562.27,1960.16,20,2734,440231,28.684903273202185,0.6210375916280316,0.7315288953913679
墨西哥,2026-03-07,674.34,2422.95,16,3320,499255,27.831362595183563,0.6649908363461559,0.48192771084337355
墨西哥,2026-03-08,735.79,5059.57,29,3681,510517,14.542540176339097,0.7210337755647707,0.7878293941863623
墨西哥,2026-03-09,727.6,2631.6,20,3670,548593,27.64857881136951,0.6689841102602476,0.544959128065395
墨西哥,2026-03-10,710.44,1585.35,16,3516,532381,44.81281735894282,0.6604292790313704,0.4550625711035267
墨西哥,2026-03-11,822.35,2454.82,27,3985,592836,33.49940117809045,0.672192646870298,0.6775407779171895
墨西哥,2026-03-12,780.36,2959.08,20,3832,618453,26.37171012612028,0.6196105443744311,0.5219206680584552
墨西哥,2026-03-13,68.26,285.1,1,362,100654,23.94247632409681,0.3596479027162358,0.2762430939226519
德国,2026-01-13,2899.57,19644.12,205,9183,942044,14.76049830687249,0.9747952324944482,2.232385930523794
德国,2026-01-14,2827.73,21754.71,195,8825,903810,12.99824267940138,0.9764220356048285,2.2096317280453257
德国,2026-01-15,2838.4,24942.26,204,8637,884380,11.379882977725355,0.9766163866211357,2.3619312261201806
德国,2026-01-16,2641.12,20010.45,188,8102,835036,13.198703677328593,0.9702575697335205,2.3204147124166874
德国,2026-01-17,3177.89,24782.85,230,9855,1044559,12.82294005733804,0.9434603502530734,2.3338406900050734
德国,2026-01-18,4133.57,25764.3,257,13073,1366974,16.04378927430592,0.9563459144065651,1.9658838828119023
德国,2026-01-19,3025.27,24434.93,225,9406,1048131,12.380923538557303,0.8974069081059525,2.3920901552200724
德国,2026-01-20,2758.99,21141.38,195,8508,913782,13.05018877670237,0.9310754643886617,2.2919605077574046
德国,2026-01-21,2709.61,22177.51,192,8244,898402,12.217827880587137,0.91762930180476,2.3289665211062593
德国,2026-01-22,2666.38,24068.71,204,8124,909862,11.078200701242402,0.8928826569303916,2.511078286558346
德国,2026-01-23,2660.98,17143.27,170,8015,879068,15.522009511604262,0.9117610924297097,2.1210230817217717
德国,2026-01-24,3188.86,16599.47,187,9606,1032614,19.21061335090819,0.9302604845566689,1.9466999791796793
德国,2026-01-25,4142.16,27874.0,269,12631,1305023,14.8602999210734,0.9678756619615134,2.12968094370992
德国,2026-01-26,3011.07,26075.62,249,8928,1014531,11.547453138218767,0.8800125378130387,2.788978494623656
德国,2026-01-27,2359.42,22117.34,173,7154,829430,10.66773852551889,0.8625200438855599,2.4182275649986025
德国,2026-01-28,2258.52,15253.710000000001,155,6731,784999,14.806365140021672,0.8574533215965879,2.3027781904620412
德国,2026-01-29,2065.83,14843.98,158,6269,669229,13.916954886762175,0.936749602901249,2.52033817195725
德国,2026-01-30,2095.61,19857.27,173,6315,638291,10.553364082776737,0.9893606521163544,2.7395091053048297
德国,2026-01-31,2476.23,20436.34,184,7719,769451,12.116797821919189,1.0031827887675757,2.383728462236041
德国,2026-02-01,3198.58,24186.0,239,10065,1005479,13.224923509468287,1.0010154364238337,2.3745653253849976
德国,2026-02-02,2337.64,24247.16,179,7243,781246,9.640881653768936,0.9271087467967836,2.4713516498688386
德国,2026-02-03,2287.26,24178.14,193,7259,769763,9.46003290575702,0.9430175261736404,2.658768425402948
德国,2026-02-04,2355.53,21802.0,188,7414,787995,10.804192275937988,0.9408689141428563,2.5357431885621797
德国,2026-02-05,2077.71,16538.95,160,6615,732100,12.562526641655003,0.9035650867367845,2.418745275888133
德国,2026-02-06,1971.12,19009.29,143,6307,671554,10.369245774039955,0.9391649815204733,2.267322023148882
德国,2026-02-07,2098.04,16851.05,166,6826,669645,12.45050011720338,1.0193460714259048,2.431878113096982
德国,2026-02-08,2742.13,22505.45,230,9035,888434,12.18429313788438,1.0169579282197665,2.545655783065855
德国,2026-02-09,2153.42,20759.3,154,6935,743012,10.373278482415111,0.9333631219953379,2.2206200432588323
德国,2026-02-10,2077.27,16326.98,162,6493,711117,12.722928551391623,0.9130705636343949,2.4949946095795474
德国,2026-02-11,2134.27,21061.0,170,6739,707833,10.13375433265277,0.9520607261882393,2.5226294702478116
德国,2026-02-12,1979.91,21702.670000000002,174,6346,671389,9.12288672315434,0.9452046429119333,2.7418846517491335
德国,2026-02-13,1867.43,16380.300000000001,143,5896,597306,11.400462750987467,0.9870987400093085,2.425373134328358
德国,2026-02-14,2238.14,20802.64,188,7181,663750,10.758922905938862,1.0818832391713746,2.6180197744046794
德国,2026-02-15,2740.17,22261.75,207,8855,821948,12.308870596426607,1.0773187598242224,2.3376623376623376
德国,2026-02-16,2143.52,20677.82,166,6857,690865,10.36627652238002,0.9925238650098065,2.420883768411842
德国,2026-02-17,2048.5099999999998,16091.53,148,6565,664232,12.730361873606796,0.9883594888532922,2.2543792840822543
德国,2026-02-18,2065.58,20733.39,174,6574,664766,9.962577272698772,0.9889194092357312,2.646790386370551
德国,2026-02-19,1983.17,14525.289999999999,139,6396,666366,13.653221381466397,0.9598328846309685,2.1732332707942463
德国,2026-02-20,1995.46,15499.77,137,6337,672926,12.87412651929674,0.9417083007641256,2.1619062647940663
德国,2026-02-21,2399.38,19558.09,181,7779,794776,12.267966861794786,0.9787663442278075,2.326777220722458
德国,2026-02-22,3182.65,30857.4,248,10381,1000915,10.314057568038784,1.0371510068287517,2.38897986706483
德国,2026-02-23,2246.16,18916.04,162,7166,751627,11.874366939380545,0.9533984276775582,2.2606754116662016
德国,2026-02-24,2300.68,23742.62,217,7465,820449,9.690084750545642,0.9098676456428126,2.906898861352981
德国,2026-02-25,2034.26,16710.7,171,6500,691581,12.173397882793658,0.9398754448141289,2.6307692307692307
德国,2026-02-26,1947.75,21056.23,186,6104,647362,9.250231404197237,0.9429036613208683,3.0471821756225426
德国,2026-02-27,1899.82,19848.59,187,6081,693709,9.57156150638408,0.8765923463584876,3.075152113139286
德国,2026-02-28,2352.14,19466.84,201,7548,815088,12.08280337229874,0.9260349802720688,2.662957074721781
德国,2026-03-01,3033.14,35165.28,305,9854,1055094,8.625382763908036,0.9339452219423103,3.095189770651512
德国,2026-03-02,2047.63,24497.48,246,6587,778057,8.35853320423162,0.8465960720101483,3.7346288143312583
德国,2026-03-03,2006.95,21348.31,193,6510,691855,9.400978344421643,0.9409486091738875,2.964669738863287
德国,2026-03-04,1962.01,24723.31,206,6424,669282,7.935871046393059,0.9598345689858685,3.206724782067248
德国,2026-03-05,1817.06,22385.4,180,5924,646227,8.117165652612863,0.9167057396240021,3.038487508440243
德国,2026-03-06,1858.95,23751.829999999998,183,6004,646324,7.826554838090372,0.9289458537823135,3.0479680213191207
德国,2026-03-07,2028.09,18220.11,162,6683,692931,11.131052446994008,0.9644538922345803,2.4240610504264555
德国,2026-03-08,2908.72,28630.66,264,9744,1014527,10.159458426735533,0.9604475780339015,2.70935960591133
德国,2026-03-09,2150.12,25733.69,214,7158,842691,8.355272796089483,0.8494216741367833,2.9896619167365186
德国,2026-03-10,1943.36,21547.25,205,6460,763486,9.019062757428442,0.8461189858098249,3.1733746130030958
德国,2026-03-11,1997.58,18399.79,157,6682,755986,10.85653694960649,0.8838788019883966,2.3495959293624664
德国,2026-03-12,2010.13,18726.19,141,6625,765113,10.7343244941977,0.8658851699030077,2.128301886792453
德国,2026-03-13,596.37,3627.4700000000003,29,1871,222858,16.440384069337583,0.8395480530203089,1.549973276322822
意大利,2026-01-13,725.96,5063.46,62,3378,338098,14.337231853317691,0.9991185987494751,1.8354055654233272
意大利,2026-01-14,1683.96,11908.15,146,7885,803883,14.141239403265832,0.9808641307254911,1.8516169942929612
意大利,2026-01-15,2051.25,13834.53,192,9481,1005143,14.827030625543477,0.9432488710561581,2.025102837253454
意大利,2026-01-16,1094.08,9643.539999999999,120,5100,529867,11.345211405770081,0.9625056853889751,2.3529411764705883
意大利,2026-01-17,703.77,5527.53,69,3284,309857,12.732088292600855,1.0598437343677891,2.1010962241169304
意大利,2026-01-18,855.09,6309.15,73,3952,361742,13.55317277287749,1.0924913336024018,1.847165991902834
意大利,2026-01-19,723.6,7796.08,76,3446,349170,9.28158766970067,0.9869118194575708,2.2054556006964594
意大利,2026-01-20,681.46,3533.02,50,3203,319889,19.288314246735087,1.0012848206721707,1.5610365282547611
意大利,2026-01-21,645.31,4980.81,58,2958,310644,12.95592483953413,0.9522153976899601,1.9607843137254901
意大利,2026-01-22,673.32,5949.320000000001,58,3064,316328,11.317595960546752,0.9686148554664777,1.8929503916449086
意大利,2026-01-23,1688.5,8298.36,74,7594,841900,20.347393942899558,0.9020073642950469,0.9744535159336318
意大利,2026-01-24,2053.58,6565.14,70,9215,895645,31.28006409611981,1.028867464229689,0.759631036353771
意大利,2026-01-25,2598.44,4579.75,56,11660,1125668,56.73759484688029,1.0358293919699235,0.4802744425385935
意大利,2026-01-26,1944.55,5644.93,62,8570,908533,34.44772565824554,0.9432788902549495,0.7234539089848309
意大利,2026-01-27,1481.52,3872.7599999999998,47,6739,722841,38.25488798686209,0.9322935472669648,0.6974328535391008
意大利,2026-01-28,1662.9,6650.3099999999995,57,7537,814416,25.00484939799799,0.9254484194809531,0.7562690725752952
意大利,2026-01-29,1453.12,5499.02,39,6586,734183,26.425072103756662,0.8970515525420775,0.5921651989067719
意大利,2026-01-30,1340.86,2753.95,41,6181,668749,48.6886109043374,0.9242630643186008,0.6633230868791458
意大利,2026-01-31,1680.83,4046.82,47,7815,821514,41.534587651538736,0.9512923699413521,0.601407549584133
意大利,2026-02-01,1921.35,4383.16,48,8637,890987,43.83481323976309,0.9693744128702214,0.5557485237929837
意大利,2026-02-02,1466.87,5175.86,48,6621,721058,28.34060426673055,0.9182340394253998,0.724966017217943
意大利,2026-02-03,1461.36,5299.04,56,6670,710482,27.5778254174341,0.9387992940004111,0.8395802098950524
意大利,2026-02-04,1255.77,4869.3,48,5534,597465,25.78953853736677,0.9262467257496255,0.8673653776653415
意大利,2026-02-05,1031.52,5088.58,53,4562,500909,20.271274107904365,0.9107442669227344,1.1617711530030688
意大利,2026-02-06,1032.62,4160.71,46,4594,493441,24.8183603279248,0.9310130289132844,1.0013060513713539
意大利,2026-02-07,1156.53,4076.54,47,5112,501555,28.370382726527886,1.0192301940963604,0.9194053208137716
意大利,2026-02-08,1402.22,5761.9800000000005,61,6258,617484,24.335731814411016,1.0134675554346348,0.9747523170341962
意大利,2026-02-09,1179.23,5219.85,51,5210,572167,22.591262201021102,0.9105733116380358,0.9788867562380038
意大利,2026-02-10,1164.03,4720.51,56,5216,579697,24.6589881178093,0.8997804025206271,1.0736196319018405
意大利,2026-02-11,718.91,5161.32,58,3181,351720,13.928801159393334,0.90441260093256,1.8233259981138006
意大利,2026-02-12,614.52,4091.7400000000002,48,2736,306051,15.01854956571043,0.8939686522834429,1.7543859649122806
意大利,2026-02-13,545.33,3929.8,51,2498,257741,13.876787622779785,0.9691900008147715,2.0416333066453163
意大利,2026-02-14,579.55,5144.99,54,2579,257951,11.264356198943048,0.9998022880314478,2.093834819697557
意大利,2026-02-15,624.56,2968.25,47,2779,280782,21.041354333361404,0.9897358092755234,1.6912558474271322
意大利,2026-02-16,621.81,5660.03,53,2820,311853,10.985984173228763,0.9042722051735914,1.8794326241134751
意大利,2026-02-17,579.69,3605.4900000000002,45,2608,279652,16.077981078854748,0.9325876446440575,1.7254601226993866
意大利,2026-02-18,523.36,3358.7,37,2385,290012,15.582219311042964,0.8223797635959892,1.551362683438155
意大利,2026-02-19,574.09,5093.79,57,2592,303020,11.270390023931101,0.8553890832288297,2.199074074074074
意大利,2026-02-20,515.77,4429.76,42,2341,248185,11.64329444484577,0.9432479803372483,1.794105083297736
意大利,2026-02-21,532.01,2865.62,45,2410,240422,18.565266853246417,1.0024041061134172,1.8672199170124482
意大利,2026-02-22,639.66,3702.39,40,2851,296380,17.276948133502952,0.9619407517376342,1.403016485443704
意大利,2026-02-23,624.54,4803.83,49,2877,316366,13.00087638405189,0.9093897574328467,1.70316301703163
意大利,2026-02-24,654.38,5481.04,50,2992,338633,11.93897508502036,0.8835524003862588,1.6711229946524064
意大利,2026-02-25,631.26,4057.05,47,2875,321549,15.559581469294189,0.8941094514366396,1.634782608695652
意大利,2026-02-26,484.17,5230.7,52,2205,261631,9.256313686504674,0.8427900363489036,2.35827664399093
意大利,2026-02-27,492.98,5014.72,47,2264,273422,9.830658541254547,0.8280240799935631,2.075971731448763
意大利,2026-02-28,514.18,3817.0299999999997,37,2368,240783,13.470682703567958,0.9834581345028511,1.5625
意大利,2026-03-01,576.72,5762.56,57,2683,278470,10.008051976899155,0.9634790103063167,2.1244875139768915
意大利,2026-03-02,532.95,5204.98,45,2510,290182,10.239232427406062,0.8649743953794515,1.7928286852589643
意大利,2026-03-03,548.73,5214.98,51,2526,288384,10.522188004556106,0.8759154460719041,2.019002375296912
意大利,2026-03-04,494.40999999999997,4552.84,42,2293,286526,10.85937568638476,0.8002764147058208,1.831661578717837
意大利,2026-03-05,502.75,2705.42,34,2326,275532,18.583066584855587,0.8441850674331838,1.4617368873602752
意大利,2026-03-06,481.14,6672.1,52,2266,218375,7.211222853374499,1.0376645678305667,2.2947925860547222
意大利,2026-03-07,469.01,4749.09,54,2230,212005,9.87578672966821,1.0518619843871606,2.4215246636771304
意大利,2026-03-08,531.71,3294.98,37,2487,244556,16.136971999830045,1.0169449941935589,1.4877362283876157
意大利,2026-03-09,564.01,4159.25,37,2643,284916,13.560377471899981,0.9276418312765868,1.3999243284146803
意大利,2026-03-10,577.18,7459.46,60,2671,313292,7.737557410321926,0.8525592737765408,2.2463496817671285
意大利,2026-03-11,622.65,3116.19,41,2901,332062,19.98113080396253,0.8736320325722305,1.4133057566356428
意大利,2026-03-12,597.84,4328.7,34,2841,346362,13.811074918566776,0.820240095622499,1.1967617036254838
意大利,2026-03-13,163.47,930.22,12,806,126522,17.573262239040226,0.637043360048055,1.488833746898263
法国,2026-01-13,242.45,2568.9300000000003,27,791,100277,9.437781488791051,0.7888149824984793,3.4134007585335016
法国,2026-01-14,241.72,2066.0,28,815,99016,11.699903194578896,0.8230992970832997,3.4355828220858897
法国,2026-01-15,243.83,1954.57,28,816,98792,12.474866594698579,0.8259778119685806,3.431372549019608
法国,2026-01-16,224.26,2578.64,19,749,89589,8.69683243880495,0.8360401388563328,2.53671562082777
法国,2026-01-17,271.32,1593.56,22,907,125464,17.026029769823538,0.7229165338264363,2.4255788313120177
法国,2026-01-18,307.81,1588.56,19,1059,141043,19.376668177468904,0.7508348517827896,1.794145420207743
法国,2026-01-19,239.97,670.16,12,813,113784,35.80786677808285,0.7145117063910568,1.4760147601476015
法国,2026-01-20,188.29,954.36,16,617,90972,19.729452198331863,0.6782306643802489,2.593192868719611
法国,2026-01-21,227.01,1175.19,14,758,89885,19.31687641998315,0.8432997719308005,1.8469656992084433
法国,2026-01-22,216.8,2701.15,19,735,86475,8.026211058252967,0.849956634865568,2.585034013605442
法国,2026-01-23,206.64,1170.2,15,648,77472,17.6585199111263,0.8364312267657992,2.314814814814815
法国,2026-01-24,222.01,1652.3,20,710,88093,13.436421957271683,0.8059664218496361,2.8169014084507045
法国,2026-01-25,269.43,1744.21,18,886,109291,15.447107859718725,0.8106797449012271,2.0316027088036117
法国,2026-01-26,197.93,1725.24,10,635,83997,11.472606709791101,0.7559793802159601,1.574803149606299
法国,2026-01-27,147.79,1154.45,13,492,73210,12.801767075230627,0.6720393388881301,2.642276422764228
法国,2026-01-28,153.2,477.76,7,490,77435,32.06630944407234,0.6327887905985665,1.4285714285714286
法国,2026-01-29,146.4,1070.69,10,453,66276,13.673425548011094,0.683505341300018,2.207505518763797
法国,2026-01-30,112.92,600.1700000000001,7,359,53972,18.814669177066495,0.6651597124434893,1.9498607242339834
法国,2026-01-31,192.1,1324.18,7,644,78142,14.507091180957271,0.8241406669908629,1.0869565217391304
法国,2026-02-01,248.63,1817.6,18,814,97788,13.679027288732396,0.8324129750071584,2.211302211302211
法国,2026-02-02,185.55,2510.5699999999997,21,596,79412,7.39075190096273,0.750516294766534,3.523489932885906
法国,2026-02-03,188.42,2775.31,20,585,82917,6.789151482176766,0.7055248019103442,3.418803418803419
法国,2026-02-04,186.69,1836.6200000000001,18,634,85252,10.164868072872995,0.7436775676816966,2.8391167192429023
法国,2026-02-05,145.44,829.3,11,484,65898,17.537682382732424,0.7344684208928951,2.272727272727273
法国,2026-02-06,113.35,944.89,11,386,60170,11.996105366762269,0.6415157055010803,2.849740932642487
法国,2026-02-07,152.12,1156.65,14,512,81339,13.151774521246704,0.6294643405992205,2.734375
法国,2026-02-08,216.09,1157.3,20,745,108159,18.67190875313229,0.6888007470483271,2.684563758389262
法国,2026-02-09,71.74,950.5300000000001,6,233,40239,7.5473683103110885,0.5790402345982752,2.575107296137339
法国,2026-02-10,0.0,0.0,0,0,4,0.0,0.0,0.0
法国,2026-02-11,0.0,0.0,0,0,9,0.0,0.0,0.0
法国,2026-02-12,0.0,0.0,0,0,4,0.0,0.0,0.0
法国,2026-02-13,0.0,0.0,0,0,6,0.0,0.0,0.0
法国,2026-02-14,0.0,0.0,0,0,0,0.0,0.0,0.0
法国,2026-02-15,0.0,0.0,0,0,0,0.0,0.0,0.0
法国,2026-02-16,0.0,0.0,0,0,1,0.0,0.0,0.0
法国,2026-02-17,0.0,0.0,0,0,11,0.0,0.0,0.0
法国,2026-02-18,0.0,0.0,0,0,27,0.0,0.0,0.0
法国,2026-02-19,0.0,0.0,0,0,6,0.0,0.0,0.0
法国,2026-02-20,0.0,0.0,0,0,7,0.0,0.0,0.0
法国,2026-02-21,0.0,0.0,0,0,3,0.0,0.0,0.0
法国,2026-02-22,0.0,0.0,0,0,14,0.0,0.0,0.0
法国,2026-02-23,0.0,0.0,0,0,9,0.0,0.0,0.0
法国,2026-02-24,0.0,0.0,0,0,5,0.0,0.0,0.0
法国,2026-02-25,0.0,0.0,0,0,24,0.0,0.0,0.0
法国,2026-02-26,0.0,0.0,0,0,17,0.0,0.0,0.0
法国,2026-02-27,0.0,0.0,0,0,8,0.0,0.0,0.0
法国,2026-02-28,0.0,0.0,0,0,3,0.0,0.0,0.0
法国,2026-03-01,0.0,0.0,0,0,10,0.0,0.0,0.0
法国,2026-03-02,0.0,0.0,0,0,2,0.0,0.0,0.0
法国,2026-03-03,0.0,0.0,0,0,7,0.0,0.0,0.0
法国,2026-03-04,0.0,0.0,0,0,4,0.0,0.0,0.0
法国,2026-03-05,0.0,0.0,0,0,3,0.0,0.0,0.0
法国,2026-03-06,0.0,0.0,0,0,16,0.0,0.0,0.0
法国,2026-03-07,0.0,0.0,0,0,2,0.0,0.0,0.0
法国,2026-03-08,0.7,0.0,0,3,264,7000.0,1.1363636363636365,0.0
法国,2026-03-09,0.0,0.0,0,0,40,0.0,0.0,0.0
法国,2026-03-10,0.0,0.0,0,0,13,0.0,0.0,0.0
法国,2026-03-11,0.0,0.0,0,0,11,0.0,0.0,0.0
法国,2026-03-12,0.0,0.0,0,0,26,0.0,0.0,0.0
法国,2026-03-13,0.0,0.0,0,0,6,0.0,0.0,0.0
澳大利亚,2026-01-13,152.47,1440.6399999999999,27,576,62980,10.583490670812973,0.914576055890759,4.6875
澳大利亚,2026-01-14,123.26,2566.58,25,474,57156,4.802499824669405,0.8293092588704597,5.274261603375527
澳大利亚,2026-01-15,114.99,1790.49,23,438,49132,6.422264296365798,0.891476023772694,5.251141552511415
澳大利亚,2026-01-16,91.34,1244.21,17,357,41992,7.341204459054341,0.8501619356067823,4.761904761904762
澳大利亚,2026-01-17,112.73,1636.56,19,418,50205,6.888228968079386,0.8325863957773131,4.545454545454546
澳大利亚,2026-01-18,131.42,1424.71,20,498,56234,9.224333373107509,0.8855852331329801,4.016064257028113
澳大利亚,2026-01-19,139.78,2042.1299999999999,29,498,54134,6.844813993232557,0.9199394096131821,5.8232931726907635
澳大利亚,2026-01-20,134.76,969.96,18,483,53256,13.893356427069156,0.9069400630914828,3.7267080745341614
澳大利亚,2026-01-21,113.83,1772.6399999999999,27,422,49082,6.421495622348587,0.8597856648058351,6.398104265402843
澳大利亚,2026-01-22,123.29,1177.83,11,465,50039,10.467554740497356,0.9292751653710105,2.3655913978494625
澳大利亚,2026-01-23,112.4,1778.74,24,403,46812,6.3190797980593,0.8608903699906008,5.955334987593052
澳大利亚,2026-01-24,130.09,1420.47,28,448,46871,9.15823635838842,0.955814896204476,6.25
澳大利亚,2026-01-25,134.94,1891.56,23,474,52676,7.13379432849077,0.8998405345888071,4.852320675105485
澳大利亚,2026-01-26,149.41,1350.73,25,507,57104,11.06142604369489,0.8878537405435696,4.930966469428008
澳大利亚,2026-01-27,131.32,1343.78,20,465,51855,9.772432987542604,0.8967312698871854,4.301075268817205
澳大利亚,2026-01-28,129.5,1931.52,20,442,53372,6.704564280980782,0.828149591546129,4.524886877828054
澳大利亚,2026-01-29,125.64,2181.03,22,422,49699,5.7605810098898225,0.8491116521459184,5.213270142180095
澳大利亚,2026-01-30,126.59,1182.38,18,422,46272,10.706371893976554,0.9119986168741356,4.265402843601896
澳大利亚,2026-01-31,133.36,1808.65,27,454,51763,7.373455339617947,0.8770743581322565,5.947136563876652
澳大利亚,2026-02-01,143.41,2367.64,36,516,55776,6.057086381375547,0.9251290877796902,6.976744186046512
澳大利亚,2026-02-02,93.24,960.98,13,314,39079,9.702595267331265,0.8035006013459914,4.140127388535031
澳大利亚,2026-02-03,93.16,1124.84,16,319,36523,8.282066782831336,0.873422227089779,5.015673981191222
澳大利亚,2026-02-04,91.56,961.19,14,308,38311,9.525692110820962,0.803946647177051,4.545454545454546
澳大利亚,2026-02-05,102.22,1107.01,15,335,36607,9.233882259419518,0.9151255224410632,4.477611940298507
澳大利亚,2026-02-06,91.72,1344.8600000000001,21,302,34183,6.820040747735822,0.8834800924436124,6.95364238410596
澳大利亚,2026-02-07,113.63,1396.25,24,387,42923,8.138227394807519,0.9016145190224355,6.2015503875969
澳大利亚,2026-02-08,134.23,1253.94,17,464,49703,10.704658915099605,0.9335452588374947,3.6637931034482754
澳大利亚,2026-02-09,118.06,1659.45,25,399,41208,7.1144053752749405,0.9682585905649389,6.265664160401002
澳大利亚,2026-02-10,113.27,2345.91,21,369,37574,4.828403476689217,0.9820620641933252,5.691056910569105
澳大利亚,2026-02-11,97.8,1411.67,18,345,38320,6.92796475096871,0.900313152400835,5.217391304347826
澳大利亚,2026-02-12,89.56,2166.35,19,313,35154,4.134142682392042,0.89036809466917,6.070287539936102
澳大利亚,2026-02-13,79.44,2137.55,20,260,34189,3.716404294636382,0.7604785164819093,7.6923076923076925
澳大利亚,2026-02-14,112.84,1364.89,19,394,41843,8.267332898621866,0.9416150849604473,4.822335025380711
澳大利亚,2026-02-15,125.88,1504.14,24,436,49211,8.368901830946585,0.8859807766556258,5.5045871559633035
澳大利亚,2026-02-16,136.59,1512.91,26,460,45423,9.028296461785565,1.0127028157541333,5.6521739130434785
澳大利亚,2026-02-17,140.47,2297.53,26,464,44693,6.113957162692108,1.0381939006108338,5.603448275862069
澳大利亚,2026-02-18,148.34,2459.86,38,505,47473,6.0304244957030075,1.0637625597708171,7.524752475247524
澳大利亚,2026-02-19,124.97,2247.67,35,435,47246,5.559979890286385,0.9207128645811284,8.045977011494253
澳大利亚,2026-02-20,125.08,1700.8700000000001,23,441,45032,7.3538836007455,0.9793036063243915,5.215419501133787
澳大利亚,2026-02-21,156.16,1469.6,26,562,55134,10.626020685900926,1.019334711793086,4.6263345195729535
澳大利亚,2026-02-22,182.62,1564.55,23,636,63666,11.672365855996933,0.9989633399302611,3.6163522012578615
澳大利亚,2026-02-23,145.87,2062.78,33,490,53287,7.071524835416282,0.9195488580704486,6.73469387755102
澳大利亚,2026-02-24,115.53,1667.22,25,428,43904,6.929499406197142,0.9748542274052477,5.841121495327103
澳大利亚,2026-02-25,112.34,2499.8,38,420,40144,4.493959516761341,1.046233559186927,9.047619047619047
澳大利亚,2026-02-26,108.01,1598.16,34,405,40707,6.758397156730239,0.9949148795047534,8.395061728395062
澳大利亚,2026-02-27,106.75,2420.19,28,388,41144,4.410810721472281,0.9430293602955473,7.216494845360824
澳大利亚,2026-02-28,144.57,2904.91,39,532,48623,4.9767462675263605,1.0941324064743023,7.330827067669173
澳大利亚,2026-03-01,149.74,2065.27,38,540,54756,7.250383727067164,0.9861932938856016,7.037037037037037
澳大利亚,2026-03-02,105.97,2152.36,32,386,43706,4.923432882974967,0.8831739349288428,8.290155440414509
澳大利亚,2026-03-03,88.22,1889.67,23,296,38661,4.668540009631311,0.7656294456946277,7.77027027027027
澳大利亚,2026-03-04,98.5,1092.85,18,332,36796,9.013130804776502,0.902271986085444,5.421686746987952
澳大利亚,2026-03-05,85.64,1119.8899999999999,15,307,31846,7.6471796337140265,0.9640143189097531,4.88599348534202
澳大利亚,2026-03-06,81.96,1201.2,17,297,36364,6.823176823176823,0.8167418325816742,5.723905723905724
澳大利亚,2026-03-07,90.73,765.39,14,307,40222,11.854087458681196,0.7632638854358311,4.5602605863192185
澳大利亚,2026-03-08,107.53,1256.77,19,386,45065,8.556060376998179,0.8565405525352269,4.922279792746114
澳大利亚,2026-03-09,107.66,1824.24,25,389,42147,5.901635749682059,0.9229601157852279,6.426735218508997
澳大利亚,2026-03-10,93.48,769.57,12,331,37465,12.147043153969099,0.8834912585079407,3.625377643504532
澳大利亚,2026-03-11,77.14,1178.03,17,287,34156,6.548220333947354,0.840262325799274,5.923344947735192
澳大利亚,2026-03-12,75.41,833.17,13,252,31349,9.050973990902216,0.8038533924527098,5.158730158730158
澳大利亚,2026-03-13,80.58,1166.79,13,262,27800,6.906127066567248,0.9424460431654677,4.961832061068702
美国,2026-01-13,45097.53,441048.99,3906,64062,7256761,10.22506139283983,0.8827905452584149,6.09721831975274
美国,2026-01-14,47973.62,463619.74,4066,68232,7670273,10.34762238553518,0.8895641654475662,5.959080783210224
美国,2026-01-15,44274.06,418463.87,3799,63228,7332124,10.580139212496409,0.8623422080695853,6.008413993800215
美国,2026-01-16,39936.0,348237.99,3261,58082,7325750,11.46801932781659,0.7928471487561002,5.614476085534244
美国,2026-01-17,36167.29,343426.73,3176,57701,6873157,10.531297316315479,0.8395123230853013,5.504237361570857
美国,2026-01-18,39911.39,364221.45,3583,63988,7168591,10.95800096342486,0.892616136141677,5.599487403888229
美国,2026-01-19,48102.06,465015.1,4446,71444,8648883,10.344193124051241,0.8260488666571163,6.223055819942893
美国,2026-01-20,45913.37,453963.19,4261,67213,8462250,10.113897120160779,0.7942686637714556,6.339547408983382
美国,2026-01-21,45801.41,439600.99,3967,66919,8749461,10.418859611758382,0.7648356853067864,5.928062284254098
美国,2026-01-22,41837.76,380229.74,3636,61129,8137966,11.003284487951943,0.7511582132439482,5.9480770174548905
美国,2026-01-23,39701.35,358308.83,3365,57909,7674712,11.080204191451267,0.7545429717753578,5.810841147317343
美国,2026-01-24,36189.62,358766.01,3403,57066,6968604,10.087248789259608,0.8189014614691837,5.963270598955595
美国,2026-01-25,37746.97,364328.02,3577,59704,6835839,10.360710109532613,0.8733968134708848,5.991223368618518
美国,2026-01-26,43270.68,417076.5,3887,64066,8042079,10.374758587453382,0.7966348005285697,6.0671807198826215
美国,2026-01-27,43365.63,430830.55,3877,64149,8153198,10.065588431461046,0.7867955616924793,6.043741913357963
美国,2026-01-28,43239.55,437696.79,4014,64834,8155438,9.878882136649896,0.7949787614104846,6.191195977419255
美国,2026-01-29,41593.21,394615.69,3715,62244,7955069,10.540181511789356,0.7824445017384514,5.968446757920442
美国,2026-01-30,37243.42,387000.17,3410,55407,7457606,9.623618511588768,0.7429596039265147,6.154457018066309
美国,2026-01-31,34956.83,354489.88,3406,56019,6831256,9.861164442832614,0.820039535921359,6.080079972866349
美国,2026-02-01,38462.68,399073.59,3722,61053,6821224,9.63799183002814,0.8950446430142157,6.096342522070987
美国,2026-02-02,40476.88,446617.7,4010,59445,7384126,9.062981605968593,0.8050377255209351,6.745731348305156
美国,2026-02-03,40132.44,434775.8,3912,59651,7229392,9.230605751286065,0.8251177969046359,6.558146552446733
美国,2026-02-04,40280.51,458462.64,3880,59588,7528079,8.785996171901814,0.791543234336409,6.511378129824797
美国,2026-02-05,37659.0,406027.1,3572,55544,7066308,9.274996668941556,0.7860398952324185,6.430937635028086
美国,2026-02-06,34978.29,360962.1,3174,51181,6398878,9.690294355002923,0.799843347536865,6.201520095347883
美国,2026-02-07,32845.29,355856.0,3368,52318,6002177,9.229938514455286,0.8716504028455009,6.437554952406438
美国,2026-02-08,34600.81,381242.45,3723,55708,6024839,9.075802025718803,0.9246388160745873,6.683061678753501
美国,2026-02-09,39478.7,443565.4,3992,58395,7316965,8.900310980071934,0.798076798235334,6.836201729600138
美国,2026-02-10,40623.44,435269.3,3814,60302,7665784,9.33294399582052,0.7866383921070564,6.3248316805412745
美国,2026-02-11,39757.89,436894.06,3798,58323,7549793,9.100121434473154,0.7725112463348333,6.512010699038115
美国,2026-02-12,38910.35,407841.09,3564,57030,7471166,9.540566400506629,0.7633346655662583,6.249342451341399
美国,2026-02-13,36169.43,387818.05,3220,53069,7000511,9.326391590076842,0.7580732320826294,6.067572405735929
美国,2026-02-14,33655.4,367636.85,3191,53082,6533239,9.154523002794743,0.8124913232165546,6.011453976865981
美国,2026-02-15,39181.16,437033.45,3926,62715,7336775,8.965254261430104,0.8548033706908008,6.260065375109623
美国,2026-02-16,44705.67,504791.68,4406,67949,8681245,8.856261260090498,0.7827103140160196,6.484274970934083
美国,2026-02-17,43179.87,466644.31,4098,64226,8451614,9.253272583565844,0.7599258555821409,6.380593529100365
美国,2026-02-18,41987.67,438360.73,3878,62437,8438689,9.57833745737215,0.7398898098981963,6.211060749235229
美国,2026-02-19,41679.64,461580.35,3865,61787,8322055,9.029769139869149,0.742448830246856,6.255361160114588
美国,2026-02-20,38751.05,415861.88,3627,57946,7761561,9.318250088226408,0.7465766229241773,6.259275877541159
美国,2026-02-21,37335.46,411761.31,3688,60160,7155082,9.067257921828546,0.8408009859286029,6.13031914893617
美国,2026-02-22,40200.88,446174.98,4132,64975,7404004,9.010115269126027,0.8775657063394348,6.359368988072335
美国,2026-02-23,44330.36,520661.65,4384,66323,8455217,8.514235684537166,0.7844032861604853,6.610074936296609
美国,2026-02-24,43532.41,491220.21,4256,64376,8339427,8.862096695899382,0.7719475210946747,6.611159438299988
美国,2026-02-25,41781.39,463436.83,4015,62212,8045124,9.015552346152548,0.7732882675270139,6.4537388285218285
美国,2026-02-26,41146.82,458198.06,3997,60614,8079985,8.980138414379145,0.7501746599777104,6.5941861616128294
美国,2026-02-27,38573.25,431024.53,3655,56575,7685462,8.949200640622472,0.7361301116315454,6.4604507291206374
美国,2026-02-28,35078.3,425502.97000000003,3694,55415,6657316,8.243961258366776,0.8323925137397714,6.666065144816385
美国,2026-03-01,41204.32,491758.45,4429,66327,6941442,8.37897549091429,0.9555219218139401,6.677521974459872
美国,2026-03-02,42381.83,500046.43,4275,62949,7444013,8.475578957737985,0.8456325909156795,6.7912119334699526
美国,2026-03-03,43165.03,497431.26,4195,64271,7575618,8.677586929297528,0.8483928307895146,6.527049524668979
美国,2026-03-04,41278.2,476282.84,3956,60797,7200623,8.666740964255608,0.8443297198034114,6.506900011513726
美国,2026-03-05,41469.98,447981.23,3645,60119,6953165,9.257079811134053,0.8646278349499832,6.062975099386217
美国,2026-03-06,39351.89,444793.85,3658,57913,6868104,8.847219897487342,0.8432167014360878,6.316371108386718
美国,2026-03-07,37105.13,416174.73,3533,58498,6484455,8.915757571345093,0.9021267014729841,6.039522718725427
美国,2026-03-08,40048.12,420015.99,3811,64026,6810785,9.534903659263067,0.9400678482729965,5.952269390560085
美国,2026-03-09,44137.46,494555.0,4081,66002,7535678,8.924681784634672,0.8758601415824827,6.18314596527378
美国,2026-03-10,42891.89,452752.69,3712,62661,7469743,9.473580377843808,0.8388642018875347,5.923939930738418
美国,2026-03-11,42362.84,401425.64,3442,62523,7426799,10.553097704471492,0.8418566329854894,5.505174095932697
美国,2026-03-12,39788.63,335051.68,2725,58732,7119219,11.875370987544368,0.8249781331351094,4.639719403391678
美国,2026-03-13,3153.88,11053.4,106,4197,566802,28.53312103063311,0.7404702171128542,2.5256135334762924
英国,2026-01-13,647.97,3945.57,54,2158,240539,16.42272219223078,0.8971518132194779,2.5023169601482853
英国,2026-01-14,653.18,4168.18,62,2173,235318,15.670628427755037,0.9234312717259198,2.8531983433041876
英国,2026-01-15,615.1,4158.88,44,2021,217333,14.79003962605317,0.9299094017015364,2.177140029688273
英国,2026-01-16,524.63,3622.02,45,1791,199360,14.484458948321654,0.8983747993579455,2.512562814070352
英国,2026-01-17,639.1,3502.78,52,2201,250860,18.24550785376187,0.8773818065853465,2.3625624716038165
英国,2026-01-18,873.73,4973.06,65,2948,310114,17.569263190068085,0.9506181597735027,2.2048846675712346
英国,2026-01-19,640.51,4247.62,54,2111,240469,15.079267919446654,0.877867833275807,2.55802936996684
英国,2026-01-20,612.3100000000001,4319.92,51,2055,226683,14.174105076019927,0.9065523219650349,2.4817518248175183
英国,2026-01-21,591.53,3717.34,59,1946,226676,15.912722538159004,0.8584940620092114,3.0318602261048304
英国,2026-01-22,582.19,3160.9700000000003,46,1895,232808,18.41808052591451,0.8139754647606612,2.4274406332453826
英国,2026-01-23,561.98,4738.25,46,1841,216674,11.860497018941594,0.8496635498490821,2.498642042368278
英国,2026-01-24,937.08,4934.91,64,3076,369832,18.988796148258025,0.8317290012762552,2.080624187256177
英国,2026-01-25,1030.14,5955.0199999999995,87,3354,390717,17.298682456146246,0.8584218244918956,2.59391771019678
英国,2026-01-26,733.7,4708.18,63,2389,270147,15.58351634814302,0.8843333444383983,2.6370866471326915
英国,2026-01-27,496.22,2408.88,47,1589,188137,20.599614758726048,0.844597288146404,2.9578351164254246
英国,2026-01-28,381.35,1988.9,26,1215,151286,19.173915229523857,0.8031146305672701,2.139917695473251
英国,2026-01-29,385.29,3031.37,38,1232,136375,12.710094775629502,0.903391384051329,3.0844155844155843
英国,2026-01-30,283.4,2232.55,31,916,116932,12.694004613558485,0.7833612697978313,3.384279475982533
英国,2026-01-31,341.08,2534.7799999999997,34,1132,133802,13.456000126243698,0.8460262178442775,3.0035335689045937
英国,2026-02-01,450.86,1881.35,32,1490,175145,23.964706195019538,0.8507236860886693,2.1476510067114094
英国,2026-02-02,337.7,2897.98,30,1113,135602,11.652944464765111,0.8207843542130647,2.6954177897574128
英国,2026-02-03,312.94,1863.94,21,1031,123721,16.789167033273603,0.8333265977481592,2.0368574199806013
英国,2026-02-04,307.37,2724.62,32,1015,116049,11.281206186550785,0.8746305439943471,3.152709359605911
英国,2026-02-05,297.66,1524.82,24,965,114182,19.52099264175444,0.8451419663344485,2.4870466321243523
英国,2026-02-06,275.47,1237.45,21,917,106727,22.261101458644795,0.8592015141435625,2.2900763358778624
英国,2026-02-07,302.36,2016.22,23,1031,121890,14.996379363363124,0.845844613996226,2.2308438409311346
英国,2026-02-08,371.36,1262.46,20,1265,142931,29.415585444291303,0.885042433062107,1.5810276679841897
英国,2026-02-09,302.03,2193.3,28,1001,120379,13.770574020881773,0.8315403849508636,2.797202797202797
英国,2026-02-10,342.21,2191.65,33,1115,122843,15.61426322633632,0.9076626262790717,2.9596412556053813
英国,2026-02-11,380.93,3643.24,39,1222,144764,10.45580307638256,0.8441325191345914,3.1914893617021276
英国,2026-02-12,379.5,2370.4,26,1255,132746,16.00995612554843,0.9454145510975849,2.0717131474103585
英国,2026-02-13,311.66,1315.73,27,1028,111371,23.68723066282596,0.9230410070844295,2.6264591439688716
英国,2026-02-14,340.88,1293.95,24,1136,116756,26.344140036322887,0.9729692692452637,2.112676056338028
英国,2026-02-15,452.48,2001.09,35,1481,156080,22.611676636233256,0.9488723731419785,2.363268062120189
英国,2026-02-16,411.06,3026.78,45,1335,138339,13.580769002041773,0.9650207099950122,3.3707865168539324
英国,2026-02-17,351.34000000000003,2388.73,41,1168,131457,14.708234082545957,0.8885034650113725,3.51027397260274
英国,2026-02-18,355.99,1660.05,21,1147,127097,21.44453480316858,0.9024603255781017,1.8308631211857016
英国,2026-02-19,372.5,2169.95,34,1209,134345,17.166294154243186,0.8999218430161153,2.8122415219189416
英国,2026-02-20,340.77,2004.84,23,1112,123475,16.99736637337643,0.9005871633933994,2.068345323741007
英国,2026-02-21,361.57,2010.23,26,1215,139219,17.986499057321797,0.8727257055430652,2.139917695473251
英国,2026-02-22,463.75,2468.91,37,1554,159482,18.783592759557862,0.9744046350058313,2.380952380952381
英国,2026-02-23,344.28,2332.53,32,1158,120666,14.759938778922454,0.9596738103525434,2.763385146804836
英国,2026-02-24,339.65,3866.3,34,1149,114789,8.784884773556112,1.0009669916106945,2.959094865100087
英国,2026-02-25,320.86,1659.87,29,1047,111600,19.3304294914662,0.9381720430107527,2.76981852913085
英国,2026-02-26,228.37,667.5,12,768,78135,34.212734082397006,0.9829141869840661,1.5625
英国,2026-02-27,193.84,1616.74,19,654,87339,11.989559236488242,0.7488063751588637,2.90519877675841
英国,2026-02-28,220.52,1510.88,16,754,89948,14.595467542094672,0.8382621069951527,2.122015915119363
英国,2026-03-01,251.81,1762.48,15,861,103069,14.287254323453316,0.835362718179084,1.7421602787456445
英国,2026-03-02,189.41,1715.39,18,656,79736,11.041803904651418,0.8227149593659074,2.7439024390243905
英国,2026-03-03,196.58,1508.79,17,663,75732,13.028983490081458,0.8754555537949613,2.564102564102564
英国,2026-03-04,159.99,902.38,13,542,59045,17.72978124515171,0.9179439410619019,2.3985239852398523
英国,2026-03-05,142.75,491.6,9,476,53706,29.037835638730673,0.8863069303243586,1.8907563025210083
英国,2026-03-06,138.46,917.1899999999999,12,465,49209,15.096108766994845,0.9449490946778029,2.5806451612903225
英国,2026-03-07,170.91,922.41,10,608,55043,18.528636940189287,1.1045909561615463,1.644736842105263
英国,2026-03-08,203.82,1286.23,18,741,73118,15.846310535440782,1.013430345468968,2.42914979757085
英国,2026-03-09,184.64,2296.06,13,644,68832,8.041601700304,0.9356113435611343,2.018633540372671
英国,2026-03-10,148.83,1608.98,17,517,62989,9.249959601735261,0.8207782311197194,3.2882011605415857
英国,2026-03-11,179.16,1192.96,12,618,70230,15.018106223175964,0.879965826569842,1.9417475728155338
英国,2026-03-12,171.65,754.23,15,585,69389,22.75830979939806,0.8430731095706813,2.564102564102564
英国,2026-03-13,30.79,325.94,3,94,18234,9.446523900104314,0.5155204562904464,3.1914893617021276
荷兰,2026-01-13,54.5,0.0,0,135,23760,545000.0,0.5681818181818182,0.0
荷兰,2026-01-14,55.68000000000001,610.52,7,134,20487,9.120094345803578,0.6540733147849855,5.223880597014925
荷兰,2026-01-15,45.42,348.52,4,105,19132,13.032250659933434,0.5488187330127535,3.8095238095238098
荷兰,2026-01-16,37.99,114.97999999999999,2,95,18014,33.040528787615244,0.5273676029754635,2.1052631578947367
荷兰,2026-01-17,48.87,357.42,4,127,18416,13.67298975994628,0.6896177237185056,3.149606299212598
荷兰,2026-01-18,60.760000000000005,489.82000000000005,5,130,22608,12.404556775958515,0.5750176928520877,3.8461538461538463
荷兰,2026-01-19,57.21,403.0,5,132,19676,14.196029776674937,0.6708680626143525,3.787878787878788
荷兰,2026-01-20,45.01,176.98,2,118,20390,25.43225223189061,0.5787150564001962,1.694915254237288
荷兰,2026-01-21,35.92,133.5,3,99,19837,26.906367041198504,0.4990673993043303,3.0303030303030303
荷兰,2026-01-22,46.53,109.94999999999999,2,113,19542,42.31923601637108,0.5782417357486439,1.7699115044247788
荷兰,2026-01-23,36.47,162.20999999999998,2,87,18544,22.48320078910055,0.4691544434857636,2.2988505747126435
荷兰,2026-01-24,55.01,283.17,5,124,22522,19.42649291944768,0.5505727732883403,4.032258064516129
荷兰,2026-01-25,78.05,741.5699999999999,8,172,29755,10.524967299108647,0.5780541085531843,4.651162790697675
荷兰,2026-01-26,69.67,506.46,7,173,24508,13.756269004462348,0.7058919536477885,4.046242774566474
荷兰,2026-01-27,56.3,171.73,2,140,20523,32.784021428987366,0.6821614773668567,1.4285714285714286
荷兰,2026-01-28,38.05,0.0,0,90,16410,380499.99999999994,0.5484460694698354,0.0
荷兰,2026-01-29,45.790000000000006,358.16999999999996,4,102,15301,12.784431973643803,0.6666230965296386,3.9215686274509802
荷兰,2026-01-30,34.03,116.56,2,84,13200,29.195264241592312,0.6363636363636364,2.380952380952381
荷兰,2026-01-31,53.010000000000005,169.41,3,125,16660,31.290950947405705,0.7503001200480192,2.4
荷兰,2026-02-01,57.68,448.4,4,149,22096,12.863514719000893,0.6743301955104997,2.684563758389262
荷兰,2026-02-02,52.38,310.31,4,140,20423,16.879894299249138,0.6855016403074964,2.857142857142857
荷兰,2026-02-03,45.89,271.07,3,124,18545,16.929206478031507,0.668643839309787,2.4193548387096775
荷兰,2026-02-04,48.51,121.08000000000001,2,119,18394,40.064420218037654,0.6469500924214419,1.680672268907563
荷兰,2026-02-05,48.1,87.63,1,122,17722,54.88987789569782,0.6884098860173795,0.819672131147541
荷兰,2026-02-06,47.4,406.57,3,124,16812,11.658508989841849,0.7375684035212943,2.4193548387096775
荷兰,2026-02-07,37.03,0.0,0,100,15541,370300.0,0.6434592368573451,0.0
荷兰,2026-02-08,60.85,0.0,0,148,20683,608500.0,0.7155635062611807,0.0
荷兰,2026-02-09,32.08,119.22999999999999,2,83,16859,26.905980038580896,0.49231864286137966,2.4096385542168677
荷兰,2026-02-10,23.319999999999997,80.66,1,65,12887,28.91148028762707,0.5043842632109878,1.5384615384615385
荷兰,2026-02-11,27.990000000000002,89.4,1,68,11051,31.308724832214764,0.6153289295086417,1.4705882352941175
荷兰,2026-02-12,18.84,0.0,0,48,10613,188400.0,0.4522755111655517,0.0
荷兰,2026-02-13,21.61,177.4,2,64,10946,12.181510710259301,0.5846884706742189,3.125
荷兰,2026-02-14,21.0,241.85000000000002,2,62,12594,8.683068017366136,0.492297919644275,3.225806451612903
荷兰,2026-02-15,31.0,175.57,2,80,13833,17.656775075468474,0.5783271886069543,2.5
荷兰,2026-02-16,21.97,0.0,0,53,12307,219700.0,0.4306492240188511,0.0
荷兰,2026-02-17,23.59,155.70999999999998,2,65,12083,15.14995825573181,0.537945874368948,3.076923076923077
荷兰,2026-02-18,24.71,198.67000000000002,2,60,14279,12.43771077666482,0.42019749282162616,3.3333333333333335
荷兰,2026-02-19,24.82,290.32,3,63,13071,8.549187103885368,0.4819830158365848,4.761904761904762
荷兰,2026-02-20,20.21,93.36,1,52,12046,21.647386461011138,0.4316785654989208,1.9230769230769231
荷兰,2026-02-21,18.63,88.61,1,49,12517,21.02471504344882,0.3914676040584804,2.0408163265306123
荷兰,2026-02-22,41.230000000000004,0.0,0,111,19778,412300.0,0.5612296491050662,0.0
荷兰,2026-02-23,26.560000000000002,0.0,0,72,14928,265600.0,0.482315112540193,0.0
荷兰,2026-02-24,22.43,157.87,2,56,14289,14.20789256983594,0.39190986073203166,3.571428571428571
荷兰,2026-02-25,21.810000000000002,0.0,0,57,13874,218100.0,0.4108404209312383,0.0
荷兰,2026-02-26,28.84,235.32,3,72,13899,12.255651878293387,0.5180228793438377,4.166666666666666
荷兰,2026-02-27,17.62,0.0,0,43,13311,176200.0,0.3230410938321689,0.0
荷兰,2026-02-28,22.67,87.19,1,56,14103,26.000688152311046,0.39707863575125857,1.7857142857142856
荷兰,2026-03-01,35.15,146.47,3,94,15622,23.998088345736328,0.6017155293816413,3.1914893617021276
荷兰,2026-03-02,20.6,93.29,1,59,15177,22.081680780362312,0.38874612901100347,1.694915254237288
荷兰,2026-03-03,15.82,0.0,0,43,13994,158200.0,0.30727454623410033,0.0
荷兰,2026-03-04,15.75,172.72,2,42,14228,9.118805002315886,0.29519257801518134,4.761904761904762
荷兰,2026-03-05,13.07,23.07,1,34,12482,56.653662765496314,0.2723922448325589,2.941176470588235
荷兰,2026-03-06,13.110000000000001,0.0,0,35,10764,131100.0,0.32515793385358605,0.0
荷兰,2026-03-07,26.1,197.66,3,64,14736,13.204492562986946,0.43431053203040176,4.6875
荷兰,2026-03-08,34.26,123.83000000000001,2,99,19214,27.666962771541627,0.5152492973873217,2.0202020202020203
荷兰,2026-03-09,19.259999999999998,0.0,0,59,18399,192599.99999999997,0.3206696016087831,0.0
荷兰,2026-03-10,28.419999999999998,69.0,1,75,17619,41.188405797101446,0.42567682615358415,1.3333333333333335
荷兰,2026-03-11,27.05,68.97,1,78,12344,39.21995070320429,0.6318859364873624,1.282051282051282
荷兰,2026-03-12,14.870000000000001,48.63,2,46,8686,30.577832613612998,0.5295878425051808,4.3478260869565215
荷兰,2026-03-13,4.43,68.44,1,12,3485,6.472822910578609,0.3443328550932568,8.333333333333332
西班牙,2026-01-13,1812.52,13036.29,145,8119,864169,13.903648967612718,0.9395153031409367,1.7859342283532456
西班牙,2026-01-14,1849.87,11697.55,111,8249,890075,15.814166214292735,0.9267758334971772,1.345617650624318
西班牙,2026-01-15,1675.44,11444.99,101,7528,836301,14.63906914728628,0.900154370256642,1.3416578108395325
西班牙,2026-01-16,1519.6,9327.82,99,6893,743142,16.29105192853207,0.9275481671066902,1.4362396634266648
西班牙,2026-01-17,1919.5,8664.24,107,8830,891007,22.154280121510947,0.9910135386141747,1.2117780294450737
西班牙,2026-01-18,2272.75,15197.6,154,10427,1033359,14.9546638942991,1.009039452891009,1.4769348805984464
西班牙,2026-01-19,1773.99,15403.08,140,8078,860419,11.517112161983189,0.9388449116070193,1.733102253032929
西班牙,2026-01-20,1827.09,14955.289999999999,141,8224,846208,12.217014848926366,0.9718650733625775,1.7144941634241246
西班牙,2026-01-21,1768.32,13989.97,126,7921,827126,12.63991273748264,0.9576533684106169,1.5907082439085976
西班牙,2026-01-22,1690.11,11007.81,121,7556,816232,15.353735211636103,0.9257171980515344,1.6013763896241398
西班牙,2026-01-23,1626.73,12846.54,113,7205,782396,12.662787022809255,0.9208891661000312,1.568355308813324
西班牙,2026-01-24,1980.54,12683.5,134,8728,871205,15.615090471872906,1.0018307975734757,1.535288725939505
西班牙,2026-01-25,2619.08,15423.32,165,11400,1134281,16.9812984493611,1.0050419605018508,1.4473684210526316
西班牙,2026-01-26,2293.32,23732.94,209,9965,1064961,9.66302531418358,0.9357150167940422,2.097340692423482
西班牙,2026-01-27,1849.94,17005.86,154,7926,867817,10.878250203165262,0.9133261966520592,1.9429724955841534
西班牙,2026-01-28,1688.16,14585.01,140,7215,795368,11.574623534711325,0.9071272668752075,1.9404019404019404
西班牙,2026-01-29,1567.94,14302.6,128,6682,748676,10.962622180582551,0.8925089090607954,1.9155941334929663
西班牙,2026-01-30,1429.76,12649.95,107,6077,661405,11.30249526677971,0.9188016419591627,1.7607372058581539
西班牙,2026-01-31,1700.34,7979.67,85,7313,754844,21.308399971427388,0.9688094493696712,1.1623136879529605
西班牙,2026-02-01,2214.2,16099.18,132,9543,961582,13.753495519647583,0.9924270629025918,1.3832128261552972
西班牙,2026-02-02,1731.25,11701.9,113,7452,845345,14.794606004153172,0.8815335750492403,1.5163714439076759
西班牙,2026-02-03,1486.27,12251.08,117,6446,729879,12.131746752123078,0.8831600854388192,1.8150791188333852
西班牙,2026-02-04,1667.55,14482.210000000001,128,7165,787057,11.514471893447201,0.9103533797425092,1.7864619678995115
西班牙,2026-02-05,1470.4,10138.28,97,6318,688288,14.503446343955778,0.9179297038449021,1.5352959797404242
西班牙,2026-02-06,1353.52,11190.789999999999,108,5850,637714,12.094945933218298,0.917339120671649,1.8461538461538463
西班牙,2026-02-07,1645.8,10064.23,104,7079,709098,16.352964906406154,0.9983105297152156,1.4691340584828365
西班牙,2026-02-08,1892.66,11208.17,106,8158,814601,16.88643195097862,1.0014718862363292,1.2993380730571218
西班牙,2026-02-09,1483.39,10441.710000000001,112,6392,717738,14.206389566459897,0.8905756696733349,1.7521902377972465
西班牙,2026-02-10,1594.94,10819.95,118,6871,752639,14.740733552373161,0.9129210684006542,1.7173628292824916
西班牙,2026-02-11,1626.74,15710.25,127,6930,759441,10.354641078276922,0.9125132827961618,1.8326118326118326
西班牙,2026-02-12,1487.09,16008.14,117,6373,733147,9.289586422907346,0.8692663272167791,1.8358700768868665
西班牙,2026-02-13,1412.94,11442.58,114,5998,623673,12.348089329504361,0.9617219279975244,1.9006335445148383
西班牙,2026-02-14,1405.79,9734.74,100,6048,617417,14.440960929619076,0.9795648645890864,1.6534391534391533
西班牙,2026-02-15,1781.89,9883.01,108,7640,770865,18.029830992784586,0.9910944199049121,1.4136125654450262
西班牙,2026-02-16,1711.89,13549.78,131,7303,813285,12.634079667714163,0.8979631986327057,1.793783376694509
西班牙,2026-02-17,1576.53,12861.28,122,6734,740022,12.257955662266896,0.9099729467502318,1.8117018117018115
西班牙,2026-02-18,1542.06,13786.09,122,6509,752119,11.185622609456344,0.8654215622793733,1.874327853740974
西班牙,2026-02-19,1471.97,11772.07,119,6256,722605,12.503918172419976,0.8657565336525487,1.9021739130434785
西班牙,2026-02-20,1404.49,10240.78,96,5969,625120,13.714677983512974,0.9548566675198362,1.6083095995979224
西班牙,2026-02-21,1458.02,12119.85,112,6199,627435,12.030016873146119,0.9879907878903791,1.8067430230682369
西班牙,2026-02-22,1943.61,13416.62,129,8227,829006,14.486584549610853,0.9923932999278654,1.568007779263401
西班牙,2026-02-23,1663.34,18513.12,144,7039,778417,8.984655206685852,0.9042711040483443,2.0457451342520243
西班牙,2026-02-24,1562.01,13298.71,129,6688,747080,11.745575322719272,0.8952187182095626,1.9288277511961722
西班牙,2026-02-25,1484.34,18448.42,164,6407,724010,8.045892276953799,0.8849325285562355,2.5597003277665054
西班牙,2026-02-26,1332.34,13605.63,121,5697,645736,9.792563813656551,0.8822490925083936,2.1239248727400386
西班牙,2026-02-27,1228.84,13273.73,120,5357,613462,9.257684162627987,0.8732407223267293,2.2400597349262648
西班牙,2026-02-28,1494.86,11535.55,104,6383,660064,12.958723251167045,0.9670274397634169,1.6293279022403258
西班牙,2026-03-01,1789.65,15719.79,155,7610,803584,11.384694070340634,0.9470074068174578,2.036793692509855
西班牙,2026-03-02,1536.89,19373.67,196,6560,747316,7.932880037700654,0.8778080490716109,2.9878048780487805
西班牙,2026-03-03,1432.31,15471.5,136,6134,694358,9.257731958762887,0.8834059663746943,2.2171503097489405
西班牙,2026-03-04,1366.6299999999999,14581.01,141,5977,667588,9.372670343138093,0.895312677879171,2.359042998159612
西班牙,2026-03-05,1413.79,13594.880000000001,131,6168,681455,10.399429785330947,0.9051221283870542,2.123865110246433
西班牙,2026-03-06,1304.87,15233.710000000001,114,5793,582139,8.565674415490381,0.99512315787123,1.9678922837907822
西班牙,2026-03-07,1304.87,9216.81,103,5739,580084,14.1575013480803,0.9893394749725901,1.7947377591914968
西班牙,2026-03-08,1610.3799999999999,12361.46,114,7135,724528,13.02742556299984,0.9847790561579401,1.5977575332866152
西班牙,2026-03-09,1301.1,10101.37,117,5802,624030,12.880431070240967,0.9297629921638384,2.016546018614271
西班牙,2026-03-10,1216.2,11518.22,109,5341,584668,10.558923166947672,0.9135098893731143,2.0408163265306123
西班牙,2026-03-11,1160.97,8972.11,82,5170,566768,12.939765562392791,0.9121898201733336,1.586073500967118
西班牙,2026-03-12,1107.38,9892.46,93,4964,563887,11.194182235763401,0.8803182197851697,1.8734891216760676
西班牙,2026-03-13,243.83,1416.65,17,1102,164034,17.211731902728268,0.6718119414267774,1.5426497277676952
